{
  "nx": 500,
  "ny": 124,
  "hmin": 30,
  "hmax": 270,
  "z_scale_min": -0.8,
  "z_scale_max": 0.8,
  "zmin": -0.8,
  "zmax": 0.8,
  "z_data_min": -0.8473935813302379,
  "z_data_max": 0.846755824962343,
  "palette": "cmap.png",
  "format": "u16le_rowmajor"
}