{
  "nx": 300,
  "ny": 282,
  "hmin": 0,
  "hmax": 120,
  "z_scale_min": 0.0,
  "z_scale_max": 0.1,
  "zmin": 0.0,
  "zmax": 0.1,
  "z_data_min": 0.0072668722042672496,
  "z_data_max": 1.7507972382176995,
  "palette": "cmap.png",
  "format": "u16le_rowmajor"
}