{
  "nx": 500,
  "ny": 124,
  "hmin": 0,
  "hmax": 120,
  "z_scale_min": 0.3,
  "z_scale_max": 2.5,
  "zmin": 0.3,
  "zmax": 2.5,
  "z_data_min": 0.030535986868284327,
  "z_data_max": 4.586114189775953,
  "palette": "cmap.png",
  "format": "u16le_rowmajor"
}