{
  "nx": 300,
  "ny": 282,
  "hmin": 30,
  "hmax": 180,
  "z_scale_min": 0.5,
  "z_scale_max": 3.0,
  "zmin": 0.5,
  "zmax": 3.0,
  "z_data_min": 0.4118821839766028,
  "z_data_max": 5.360221064413014,
  "palette": "cmap.png",
  "format": "u16le_rowmajor"
}